loc_rowid,pl_hostname,pl_letter,pl_orbper,pl_orbsmax
1,11 Com,b,326.03,1.29
2,11 UMi,b,516.21997,1.53
3,14 And,b,185.84,0.83
4,14 Her,b,1773.40002,2.93
5,16 Cyg B,b,798.5,1.66
6,18 Del,b,993.3,2.6
8,24 Boo,b,30.3506,0.19
9,24 Sex,b,452.8,1.333
10,24 Sex,c,883,2.08
15,2MASS J19383260+4603591,b,416,0.92
18,30 Ari B,b,335.10001,0.99
19,4 UMa,b,269.3,0.87
20,42 Dra,b,479.1,1.19
21,47 UMa,b,1078,2.1
22,47 UMa,c,2391,3.6
23,47 UMa,d,14002,11.6
25,51 Peg,b,4.230785,0.0527
26,55 Cnc,b,14.65152,0.115227
27,55 Cnc,c,44.4175,0.241376
28,55 Cnc,d,4825,5.503
29,55 Cnc,e,0.736539,0.01544
30,55 Cnc,f,262,0.788
31,6 Lyn,b,874.774,2.18
32,61 Vir,b,4.215,0.050201
33,61 Vir,c,38.021,0.2175
34,61 Vir,d,123.01,0.476
35,7 CMa,b,796,1.93
36,70 Vir,b,116.6884,0.48
37,75 Cet,b,691.9,2.1
38,8 UMi,b,93.4,0.49
39,81 Cet,b,952.7,2.5
40,91 Aqr,b,181.4,0.7
42,BD+03 2562,b,481.9,1.3
43,BD+14 4559,b,268.94,0.78
44,BD+15 2375,b,153.22,0.576
45,BD+15 2940,b,137.48,0.539
46,BD+20 2457,b,379.63,1.05
47,BD+20 2457,c,621.99,2.01
48,BD+20 274,b,578.2,1.3
50,BD+48 738,b,392.6,1
51,BD+48 740,b,733,1.7
52,BD+49 828,b,2590,4.2
53,BD-06 1339,b,3.8728,0.0428
54,BD-06 1339,c,125.94,0.435
55,BD-08 2823,b,5.6,0.06
56,BD-08 2823,c,237.6,0.68
57,BD-10 3166,b,3.48777,0.04
58,BD-11 4672,b,1667,2.28
59,BD-13 2130,b,714.29999,1.66
60,BD-17 63,b,655.59998,1.34
61,CFBDSIR J145829+101343,b,10037.5,2.6
65,CoRoT-10,b,13.2406,0.1055
66,CoRoT-11,b,2.99433,0.0436
67,CoRoT-12,b,2.828042,0.04016
68,CoRoT-13,b,4.03519,0.051
69,CoRoT-14,b,1.51214,0.027
70,CoRoT-16,b,5.35227,0.0618
71,CoRoT-17,b,3.7681,0.0461
72,CoRoT-18,b,1.9000693,0.0295
73,CoRoT-19,b,3.89713,0.0518
74,CoRoT-2,b,1.7429935,0.02798
75,CoRoT-20,b,9.24285,0.0902
76,CoRoT-22,b,9.75598,0.092
77,CoRoT-23,b,3.6313,0.048
78,CoRoT-24,b,5.1134,0.056
79,CoRoT-24,c,11.759,0.098
80,CoRoT-25,b,4.86069,0.0578
81,CoRoT-26,b,4.20474,0.0526
82,CoRoT-27,b,3.57532,0.0476
83,CoRoT-28,b,5.20851,0.0603
84,CoRoT-29,b,2.85057,0.0386
86,CoRoT-4,b,9.20205,0.09
87,CoRoT-5,b,4.0378962,0.04947
88,CoRoT-6,b,8.886593,0.0855
90,CoRoT-7,c,3.698,0.046
91,CoRoT-8,b,6.21229,0.063
92,CoRoT-9,b,95.272656,0.4021
93,CoRoTID 223977153,b,6.71837,0.071
94,DENIS-P J082303.1-491201,b,246.36,0.36
96,DP Leo,b,10220,8.19
97,EPIC 211822797,b,21.169861,0.131
98,EPIC 211945201,b,19.49213,0.148
99,EPIC 220674823,b,0.571336,0.01312
100,EPIC 220674823,c,13.3387,0.1071
102,Fomalhaut,b,555530,160
103,GJ 1132,b,1.6289287,0.01533
104,GJ 1148,b,41.38,0.166
105,GJ 1148,c,532.58,0.912
106,GJ 1214,b,1.58040456,0.01411
107,GJ 163,b,8.63182,0.0607
108,GJ 163,c,25.63058,0.1254
109,GJ 163,d,603.95116,1.0304
110,GJ 179,b,2288,2.41
111,GJ 273,b,18.6498,0.091101
112,GJ 273,c,4.7234,0.036467
113,GJ 3021,b,133.71,0.49
114,GJ 3138,b,1.22003,0.0197
115,GJ 3138,c,5.974,0.057
116,GJ 3138,d,257.8,0.698
117,GJ 317,b,692,1.15
118,GJ 328,b,4100,4.5
119,GJ 3293,b,30.5987,0.14339
120,GJ 3293,c,122.6196,0.36175
121,GJ 3293,d,48.1345,0.19394
122,GJ 3293,e,13.2543,0.08208
123,GJ 3323,b,5.3636,0.03282
124,GJ 3323,c,40.54,0.1264
125,GJ 3341,b,14.207,0.089
126,GJ 3470,b,3.3366487,0.031
127,GJ 3634,b,2.64561,0.0287
128,GJ 3942,b,6.905,0.0608
129,GJ 3998,b,2.64977,0.029
130,GJ 3998,c,13.74,0.089
131,GJ 433,b,7.3709,0.06
132,GJ 436,b,2.64388312,0.0291
134,GJ 536,b,8.7076,0.06661
135,GJ 581,b,5.3686,0.04061
136,GJ 581,c,12.914,0.0721
137,GJ 581,e,3.149,0.02815
138,GJ 625,b,14.628,0.078361
139,GJ 649,b,598.3,1.135
140,GJ 667 C,b,7.2004,0.0505
141,GJ 667 C,c,28.14,0.125
142,GJ 667 C,e,62.24,0.213
143,GJ 667 C,f,39.026,0.156
144,GJ 667 C,g,256.2,0.549
145,GJ 674,b,4.6938,0.039
146,GJ 676 A,b,1056.80005,1.82
147,GJ 676 A,c,7337,6.6
150,GJ 687,b,38.14,0.17
151,GJ 832,b,3657,3.56
152,GJ 832,c,35.68,0.163
153,GJ 849,b,1882,2.35
154,GJ 86,b,15.76491,0.11
155,GJ 876,b,61.1166,0.208317
156,GJ 876,c,30.0881,0.12959
157,GJ 876,d,1.93778,0.020807
158,GJ 876,e,124.26,0.3343
159,GJ 9827,b,1.208957,0.02
160,GJ 9827,c,3.64802,0.042
161,GJ 9827,d,6.20141,0.06
165,HAT-P-1,b,4.46529976,0.05561
167,HAT-P-12,b,3.2130598,0.0384
172,HAT-P-16,b,2.77596,0.0413
174,HAT-P-17,c,5584,5.6
175,HAT-P-18,b,5.508023,0.0559
176,HAT-P-19,b,4.008778,0.0466
178,HAT-P-20,b,2.875317,0.0361
183,HAT-P-25,b,3.652836,0.0466
185,HAT-P-27,b,3.039577,0.04
186,HAT-P-28,b,3.257215,0.0434
196,HAT-P-37,b,2.797436,0.0379
197,HAT-P-38,b,4.640382,0.0523
198,HAT-P-39,b,3.54387,0.0509
199,HAT-P-4,b,3.056536,0.04438
202,HAT-P-42,b,4.641878,0.0575
203,HAT-P-43,b,3.332687,0.0443
204,HAT-P-44,b,4.301219,0.0507
205,HAT-P-44,c,872.2,1.752
206,HAT-P-45,b,3.128992,0.0452
207,HAT-P-46,b,4.463129,0.0577
210,HAT-P-50,b,3.1220109,0.0453
211,HAT-P-51,b,4.2180278,0.05069
212,HAT-P-52,b,2.7535953,0.03694
213,HAT-P-53,b,1.9616241,0.03159
214,HAT-P-54,b,3.799847,0.04117
215,HAT-P-55,b,3.5852467,0.04604
219,HAT-P-65,b,2.6054552,0.03951
220,HAT-P-66,b,2.972086,0.04363
221,HAT-P-67,b,4.8101025,0.06505
224,HAT-P-9,b,3.92289,0.053
225,HATS-1,b,3.446459,0.0444
226,HATS-10,b,3.312846,0.04491
229,HATS-13,b,3.0440499,0.04057
230,HATS-14,b,2.7667641,0.03815
231,HATS-15,b,1.74748753,0.02712
232,HATS-16,b,2.686502,0.03744
233,HATS-17,b,16.254611,0.1308
234,HATS-18,b,0.8378434,0.01761
235,HATS-2,b,1.354133,0.023
236,HATS-22,b,4.7228124,0.05025
237,HATS-23,b,2.1605156,0.03397
238,HATS-24,b,1.3484954,0.02547
239,HATS-25,b,4.2986432,0.05163
240,HATS-26,b,3.3023881,0.04735
241,HATS-27,b,4.637038,0.0611
242,HATS-28,b,3.1810781,0.04131
243,HATS-29,b,4.6058749,0.05475
245,HATS-30,b,3.1743516,0.04354
246,HATS-31,b,3.37796,0.0478
247,HATS-32,b,2.8126548,0.04024
248,HATS-33,b,2.5495551,0.03727
249,HATS-34,b,2.1061607,0.03166
250,HATS-35,b,1.8209993,0.03199
251,HATS-36,b,4.1752387,0.05425
252,HATS-39,b,4.5776348,0.06007
253,HATS-4,b,2.516729,0.0362
254,HATS-40,b,3.2642736,0.04997
255,HATS-41,b,4.193649,0.0583
256,HATS-42,b,2.292102,0.03689
257,HATS-43,b,4.3888497,0.04944
258,HATS-44,b,2.7439004,0.03649
259,HATS-45,b,4.1876244,0.05511
260,HATS-46,b,4.7423729,0.05367
261,HATS-5,b,4.763387,0.0542
262,HATS-50,b,3.8297015,0.05046
263,HATS-51,b,3.3488702,0.04639
264,HATS-52,b,1.36665436,0.02498
265,HATS-53,b,3.8537768,0.04753
266,HATS-6,b,3.3252725,0.03623
267,HATS-7,b,3.185315,0.04012
268,HATS-8,b,3.583893,0.04667
271,HD 100655,b,157.57001,0.68
272,HD 100777,b,383.70001,1.03
273,HD 10180,c,5.75969,0.06412
274,HD 10180,d,16.357,0.12859
275,HD 10180,e,49.748,0.2699
276,HD 10180,f,122.744,0.4929
277,HD 10180,g,604.67,1.427
278,HD 10180,h,2205,3.381
279,HD 101930,b,70.46,0.3
280,HD 102117,b,20.8133,0.15
281,HD 102195,b,4.11377,0.05
282,HD 102272,b,127.58,0.51
283,HD 102329,b,778.09998,1.81
284,HD 102365,b,122.1,0.46
285,HD 102956,b,6.4948,0.08
286,HD 103197,b,47.84,0.25
287,HD 103720,b,4.5557,0.0498
288,HD 103774,b,5.8881,0.07
289,HD 104067,b,55.806,0.26
290,HD 10442,b,1043,2.34
291,HD 104985,b,199.505,0.95
292,HD 106252,b,1531,2.61
293,HD 106270,b,2890,4.3
294,HD 106315,b,9.55385,0.08887
295,HD 106315,c,21.058,0.1503
296,HD 10647,b,989.2,2.015
297,HD 106515 A,b,3630,4.59
299,HD 10697,b,1075.2,2.131
300,HD 107148,b,48.056,0.269
301,HD 108147,b,10.8985,0.102
302,HD 108341,b,1129,2
303,HD 108863,b,443.39999,1.45
304,HD 108874,b,394.48123,1.04
305,HD 108874,c,1624,2.659
306,HD 109246,b,68.27,0.33
307,HD 109271,b,7.8543,0.079
308,HD 109271,c,30.93,0.196
309,HD 109749,b,5.24,0.06
310,HD 110014,b,835.477,2.14
311,HD 111232,b,1143,1.97
312,HD 111591,b,1056.4,2.5
313,HD 111998,b,825.9,1.82
314,HD 113337,b,324,0.92
315,HD 113538,b,663.2,1.24
316,HD 113538,c,1818,2.44
317,HD 113996,b,610.2,1.6
318,HD 114386,b,937.70001,1.73
319,HD 114613,b,3827,5.16
320,HD 114729,b,1114,2.1
321,HD 114762,b,83.9151,0.36
322,HD 114783,b,493.7,1.16
323,HD 11506,b,1405,2.6
324,HD 11506,c,223.6,0.721
325,HD 116029,b,670,1.65
326,HD 117207,b,2597,3.74
327,HD 11755,b,433.70001,1.09
328,HD 117618,b,25.827,0.17
329,HD 118203,b,6.1335,0.07
330,HD 11964,b,1945,3.16
331,HD 11964,c,37.91,0.229
332,HD 11977,b,711,1.93
333,HD 120084,b,2082,4.3
334,HD 121504,b,63.33,0.33
335,HD 12484,b,58.83,0.297
336,HD 125595,b,9.6737,0.08
337,HD 125612,b,559.40485,1.37
338,HD 125612,c,4.1547,0.05
339,HD 125612,d,3008,4.2
340,HD 12648,b,133.60001,0.54
341,HD 12661,b,262.70862,0.84
342,HD 12661,c,1708,2.8145
343,HD 126614,b,1244,2.37
344,HD 128311,b,453.019,1.084
345,HD 128311,c,921.538,1.74
346,HD 128356,b,298.2,0.87
347,HD 129445,b,1840,2.9
348,HD 130322,b,10.70871,0.0925
349,HD 131496,b,883,2.11
350,HD 131664,b,1951,3.17
351,HD 13189,b,471.60001,1.25
352,HD 132406,b,974,1.98
353,HD 132563,b,1544,2.62
354,HD 133131 A,b,649,1.44
355,HD 133131 A,c,3568,4.49
356,HD 133131 B,b,5769,6.15
357,HD 134987,b,258.17999,0.81
358,HD 134987,c,5000,5.8
359,HD 136418,b,464.29999,1.29
360,HD 137388 A,b,330,0.89
361,HD 13908,b,19.382,0.154
362,HD 13908,c,931,2.03
363,HD 13931,b,4218,5.15
364,HD 139357,b,1125.7,2.36
365,HD 14067,b,1455,3.4
366,HD 141399,b,94.44,0.415
367,HD 141399,c,201.99,0.689
368,HD 141399,d,1069.8,2.09
369,HD 141399,e,5000,5
370,HD 141937,b,653.21997,1.5
371,HD 142,b,349.7,1.02
372,HD 142,c,6005,6.8
373,HD 142022 A,b,1928,2.93
374,HD 142245,b,1299,2.78
375,HD 142415,b,386.29999,1.06
376,HD 143105,b,2.1974,0.0379
377,HD 143361,b,1046.2,1.98
378,HD 145377,b,103.95,0.45
379,HD 145457,b,176.3,0.76
380,HD 145934,b,2730,4.6
381,HD 1461,b,5.77152,0.0634
382,HD 1461,c,13.5052,0.1117
383,HD 147018,b,44.236,0.2388
384,HD 147018,c,1008,1.922
385,HD 147379,b,86.54,0.3193
386,HD 147513,b,528.4,1.32
387,HD 147873,b,116.596,0.522
388,HD 147873,c,491.54,1.36
389,HD 148156,b,1027,2.45
390,HD 148427,b,331.5,1.04
392,HD 149143,b,4.072,0.05
393,HD 1502,b,431.8,1.31
394,HD 150706,b,5894,6.7
395,HD 152079,b,2899,3.98
396,HD 152581,b,689,1.49
397,HD 153950,b,499.39999,1.28
398,HD 154345,b,3341.55884,4.21
399,HD 154672,b,163.94,0.6
400,HD 154857,b,408.60001,1.29
401,HD 154857,c,3452,5.36
402,HD 155233,b,818.8,2
403,HD 155358,b,194.3,0.63
404,HD 155358,c,391.9,1.02
405,HD 156279,b,131.05,0.49
406,HD 156411,b,842.2,1.88
407,HD 156668,b,4.6455,0.05
408,HD 156846,b,359.51001,1.12
409,HD 158038,b,521,1.5
410,HD 158996,b,820.2,2.1
411,HD 159243,b,12.62,0.11
412,HD 159243,c,248.4,0.8
413,HD 159868,b,1178.40002,2.3
414,HD 159868,c,352.3,1
415,HD 1605,b,577.90002,1.49
416,HD 1605,c,2111,3.52
417,HD 160691,b,643.25,1.497
418,HD 160691,c,4205.8,5.235
419,HD 160691,d,9.6386,0.09094
420,HD 160691,e,310.55,0.921
421,HD 16141,b,75.523,0.36
422,HD 16175,b,990,2.12
423,HD 162020,b,8.4282,0.08
424,HD 163607,b,75.29,0.36
425,HD 163607,c,1314,2.42
426,HD 16417,b,17.24,0.14
427,HD 164509,b,282.4,0.875
428,HD 164595,b,40,0.23
429,HD 164604,b,606.4,1.3
430,HD 164922,b,1155,2.1
431,HD 164922,c,75.765,0.3351
432,HD 165155,b,434.5,1.13
433,HD 1666,b,270,0.94
434,HD 166724,b,5144,5.42
435,HD 167042,b,420.77,1.32
436,HD 168443,b,58.11247,0.2931
437,HD 168443,c,1749.83,2.8373
438,HD 168746,b,6.404,0.07
439,HD 1690,b,533,1.36
440,HD 169830,b,225.62,0.81
441,HD 169830,c,2102,3.6
442,HD 170469,b,1145,2.24
443,HD 17092,b,359.89999,1.31
444,HD 171028,b,550,1.32
445,HD 171238,b,1523,2.54
447,HD 173416,b,323.6,1.16
448,HD 175167,b,1290,2.4
449,HD 175541,b,297.29999,0.96
451,HD 17674,b,623.8,1.42
452,HD 176986,b,6.4898,0.06296
453,HD 176986,c,16.8191,0.11878
454,HD 177565,b,44.505,0.246
455,HD 177830,b,410.10001,1.14
456,HD 177830,c,110.9,0.5137
457,HD 178911 B,b,71.484,0.34
458,HD 179079,b,14.476,0.12
459,HD 179949,b,3.092514,0.0443
460,HD 180314,b,396.03,1.46
461,HD 180902,b,479,1.38
462,HD 181342,b,663,1.78
463,HD 181433,b,9.3743,0.08
464,HD 181433,c,962,1.76
465,HD 181433,d,2172,3
466,HD 181720,b,956,1.85
467,HD 183263,b,626.51599,1.49
468,HD 183263,c,3070,4.35
469,HD 185269,b,6.83785,0.08
470,HD 187085,b,986,2.05
471,HD 187123,b,3.0965828,0.0426
472,HD 187123,c,3810,4.89
473,HD 18742,b,772,1.98
474,HD 188015,b,461.2,1.203
476,HD 190360,b,2915.03687,3.97
477,HD 190360,c,17.111,0.1304
478,HD 190647,b,1038.09998,2.07
479,HD 190984,b,4885,5.5
480,HD 191806,b,1606.3,2.8
481,HD 192263,b,24.3556,0.15
482,HD 192310,b,74.72,0.32
483,HD 192310,c,525.8,1.18
484,HD 192699,b,345.53,1.12
485,HD 195019,b,18.20132,0.14
486,HD 196050,b,1378,2.51
487,HD 196067,b,3638,5.02
488,HD 196885,b,1333,2.37
489,HD 197037,b,1035.7,2.07
490,HD 19994,b,466.2,1.305
491,HD 200964,b,613.79999,1.64
492,HD 200964,c,825,1.95
493,HD 202206,c,1260,2.41
495,HD 2039,b,1120,2.2
496,HD 204313,b,1920.09998,3.07
497,HD 204313,c,34.905,0.2099
498,HD 204941,b,1733,2.55
499,HD 205739,b,279.8,0.896
500,HD 206610,b,610,1.54
501,HD 20782,b,591.90002,1.37
502,HD 207832,b,161.97,0.57
503,HD 207832,c,1155.7,2.112
504,HD 20794,b,18.315,0.1207
505,HD 20794,c,40.114,0.2036
506,HD 20794,d,90.309,0.3499
507,HD 20794,e,147.02,0.509
508,HD 208487,b,130.08,0.524
509,HD 208527,b,875.5,2.1
510,HD 20868,b,380.85001,0.95
511,HD 208897,b,352.7,1.05
513,HD 210277,b,442.19,1.13
514,HD 210702,b,354.8,1.2
515,HD 212301,b,2.24571,0.03
516,HD 212771,b,373.29999,1.16
517,HD 213240,b,882.70001,1.89
518,HD 214823,b,1877,3.18
519,HD 215152,b,5.75999,0.057638
520,HD 215152,c,7.28243,0.067393
521,HD 215152,d,10.86499,0.08799
522,HD 215152,e,25.1967,0.15417
523,HD 215497,b,3.93404,0.05
524,HD 215497,c,567.94,1.282
525,HD 216435,b,1311,2.56
526,HD 216437,b,1256,2.32
527,HD 216536,b,148.60001,0.61
528,HD 216770,b,118.45,0.46
529,HD 217107,b,7.12682,0.08
530,HD 217107,c,4270,5.32
531,HD 217786,b,1319,2.38
532,HD 218566,b,225.7,0.69
533,HD 219077,b,5501,6.22
534,HD 219134,b,3.092926,0.03876
535,HD 219134,c,6.76458,0.0653
536,HD 219134,d,46.859,0.237
537,HD 219134,f,22.717,0.1463
538,HD 219134,g,94.2,0.3753
539,HD 219134,h,2247,3.11
540,HD 219415,b,2093.3,3.2
541,HD 219828,b,3.8335,0.05
542,HD 219828,c,4791,5.96
543,HD 220074,b,672.09998,1.6
544,HD 220689,b,2209,3.36
545,HD 220773,b,3724.7,4.94
546,HD 220842,b,218.47,0.74
547,HD 221287,b,456.1,1.25
548,HD 221585,b,1173,2.306
549,HD 222076,b,871,1.83
550,HD 222155,b,3999,5.14
551,HD 222582,b,572.38,1.34
552,HD 224538,b,1189.1,2.28
553,HD 224693,b,26.73,0.192
554,HD 22781,b,528.07,1.167
555,HD 23079,b,730.59998,1.6
556,HD 23127,b,1214,2.32
557,HD 231701,b,141.60001,0.56
558,HD 233604,b,192,0.747
559,HD 23596,b,1561,2.77
560,HD 238914,b,4100,5.7
561,HD 240210,b,501.75,1.16
562,HD 240237,b,745.70001,1.92
563,HD 24040,b,3668,4.92
564,HD 24064,b,535.59998,1.29
565,HD 25171,b,1845,3.02
566,HD 2638,b,3.4442,0.04
567,HD 27442,b,428.1,1.271
568,HD 27631,b,2208,3.25
569,HD 27894,b,18.02,0.125
570,HD 27894,c,36.07,0.198
571,HD 27894,d,5174,5.448
572,HD 28185,b,379,1.02
573,HD 28254,b,1116,2.15
574,HD 285507,b,6.0881,0.06
575,HD 285968,b,8.7836,0.066
576,HD 28678,b,387.10001,1.32
577,HD 29021,b,1362.3,2.28
578,HD 290327,b,2443,3.43
579,HD 2952,b,311.60001,1.23
580,HD 30177,b,2770,3.81
581,HD 30177,c,11613,9.89
582,HD 30562,b,1157,2.34
583,HD 30669,b,1684,2.69
584,HD 30856,b,912,2.04
585,HD 31253,b,466,1.26
586,HD 3167,b,0.959641,0.01815
587,HD 3167,c,29.8454,0.1795
588,HD 3167,d,8.509,0.07757
589,HD 32518,b,157.54,0.59
590,HD 32963,b,2372,3.41
591,HD 330075,b,3.38773,0.04
592,HD 33142,b,326.60001,1.09
593,HD 33283,b,18.179,0.15
594,HD 33564,b,388,1.1
595,HD 33844,b,551.40002,1.6
596,HD 33844,c,916,2.24
597,HD 34445,b,1049,2.07
598,HD 34445,c,214.67,0.7181
599,HD 34445,d,117.87,0.4817
600,HD 34445,e,49.175,0.2687
601,HD 34445,f,676.8,1.543
602,HD 34445,g,5700,6.36
603,HD 35759,b,82.467,0.389
604,HD 3651,b,62.218,0.295
605,HD 37124,b,154.378,0.53364
606,HD 37124,c,885.5,1.71
607,HD 37124,d,1862,2.807
608,HD 37605,b,55.01307,0.28
609,HD 37605,c,2720,3.814
610,HD 38283,b,363.20001,1.02
611,HD 38529,b,14.3098,0.131
612,HD 38529,c,2140.2,3.712
613,HD 38801,b,696.29999,1.65
614,HD 39091,b,2151,3.38
615,HD 40307,b,4.3123,0.0468
616,HD 40307,c,9.6184,0.0799
617,HD 40307,d,20.432,0.1321
618,HD 40307,f,51.76,0.247
619,HD 40307,g,197.8,0.6
620,HD 40956,b,578.6,1.4
621,HD 40979,b,264.14999,0.85
624,HD 4113,b,526.62,1.28
625,HD 42012,b,857.5,1.67
626,HD 4203,b,431.88,1.17
627,HD 4203,c,6700,6.95
628,HD 4208,b,828,1.65
629,HD 42618,b,149.61,0.554
630,HD 4308,b,15.56,0.12
631,HD 4313,b,356,1.13
632,HD 43197,b,327.8,0.92
633,HD 43691,b,36.96,0.24
634,HD 44219,b,472.3,1.19
635,HD 45350,b,963.6,1.92
636,HD 45364,b,226.93,0.6813
637,HD 45364,c,342.85,0.8972
638,HD 45652,b,43.6,0.23
639,HD 46375,b,3.023573,0.0398
640,HD 47186,b,4.0845,0.05
641,HD 47186,c,1353.6,2.395
642,HD 4732,b,360.2,1.19
643,HD 4732,c,2732,4.6
644,HD 47366,b,363.3,1.214
645,HD 47366,c,684.7,1.853
646,HD 47536,b,712.13,1.93
647,HD 48265,b,780.3,1.81
648,HD 49674,b,4.94737,0.06
649,HD 50499,b,2482.7,3.86
650,HD 50554,b,1293,2.353
651,HD 52265,b,119.29,0.5
652,HD 5319,b,641,1.67
653,HD 5319,c,886,2.071
654,HD 5583,b,139.35,0.53
655,HD 5608,b,792.59998,1.99
656,HD 564,b,492.3,1.2
657,HD 5891,b,177.11,0.64
658,HD 59686 A,b,299.36,1.086
659,HD 60532,b,201.9,0.77
660,HD 60532,c,600.1,1.6
661,HD 62509,b,589.64,1.64
662,HD 63454,b,2.81805,0.04
663,HD 63765,b,358,0.94
664,HD 6434,b,21.998,0.14
665,HD 65216,b,613.09998,1.37
666,HD 65216,c,152.6,0.54
667,HD 66141,b,480.5,1.2
668,HD 66428,b,1973,3.14
669,HD 67087,b,352.2,1.08
670,HD 67087,c,2374,3.86
671,HD 6718,b,2496,3.55
672,HD 68402,b,1103,2.18
673,HD 68988,b,6.27711,0.07
674,HD 69830,b,8.667,0.0785
675,HD 69830,c,31.56,0.186
676,HD 69830,d,197,0.63
677,HD 70573,b,851.8,1.76
678,HD 70642,b,2068,3.18
679,HD 7199,b,615,1.36
680,HD 72659,b,3658,4.75
681,HD 72892,b,39.475,0.228
682,HD 73256,b,2.54858,0.04
683,HD 73267,b,1260,2.198
684,HD 73526,b,188.3,0.65
685,HD 73526,c,379.1,1.03
686,HD 73534,b,1770,3.02
687,HD 74156,b,51.645,0.292
688,HD 74156,c,2473,3.85
689,HD 7449,b,1275,2.34
690,HD 75289,b,3.50927,0.05
691,HD 75784,b,5040,6.46
692,HD 75898,b,418.20001,1.19
693,HD 76700,b,3.97097,0.05
694,HD 76920,b,415.4,1.149
695,HD 77338,b,5.7361,0.06
696,HD 7924,b,5.39792,0.06
697,HD 7924,c,15.299,0.1134
698,HD 7924,d,24.451,0.1551
699,HD 79498,b,1966.1,3.13
701,HD 81040,b,1001.70001,1.94
702,HD 81688,b,184.02,0.81
703,HD 82886,b,705,1.58
704,HD 82943,b,441.47,1.18306
705,HD 82943,c,220.078,0.74345
706,HD 83443,b,2.9857,0.04
707,HD 8535,b,1313,2.45
708,HD 85390,b,788,1.52
709,HD 85512,b,58.43,0.26
710,HD 8574,b,227,0.76
711,HD 86081,b,2.1375,0.03
712,HD 86226,b,1695,2.84
713,HD 86264,b,1475,2.86
714,HD 8673,b,1634,3.02
715,HD 86950,b,1270,2.72
716,HD 87646,b,13.481,0.117
717,HD 87883,b,2754,3.58
718,HD 88133,b,3.41587,0.05
719,HD 89307,b,2166,3.27
720,HD 89345,b,11.81399,0.105
721,HD 89744,b,256.78,0.918
722,HD 90156,b,49.77,0.25
723,HD 9174,b,1179,2.2
724,HD 92788,b,325.81,0.95
725,HD 93083,b,143.58,0.477
726,HD 9446,b,30.052,0.189
727,HD 9446,c,192.9,0.654
729,HD 95089,b,507,1.51
730,HD 95127,b,482,1.28
731,HD 95872,b,4375,5.15
732,HD 96063,b,361.1,0.99
733,HD 96127,b,647.29999,1.42
734,HD 96167,b,498.89999,1.35
736,HD 98219,b,436.89999,1.32
737,HD 98649,b,4951,5.6
738,HD 99109,b,439.29999,1.11
739,HD 99492,b,17.0431,0.12
740,HD 99706,b,868,2.13
741,HIP 105854,b,184.2,0.81
742,HIP 107773,b,144.3,0.72
743,HIP 109384,b,499.48,1.134
744,HIP 109600,b,232.08,0.706
746,HIP 12961,b,57.435,0.25
747,HIP 14810,b,6.67386,0.07
748,HIP 14810,c,147.73,0.545
749,HIP 14810,d,952,1.89
755,HIP 5158,b,345.72,0.89
756,HIP 5158,c,9017.76,7.7
757,HIP 57274,b,8.1352,0.07
758,HIP 57274,c,32.03,0.178
759,HIP 57274,d,431.7,1.01
760,HIP 63242,b,124.6,0.565
761,HIP 65407,b,28.125,0.177
762,HIP 65407,c,67.3,0.316
764,HIP 65891,b,1084.5,2.81
765,HIP 67537,b,2556.5,4.91
766,HIP 67851,b,88.9,0.46
767,HIP 67851,c,2131.8,3.82
768,HIP 70849,b,17337.5,20.25
769,HIP 74890,b,822.3,2.1
770,HIP 75458,b,511.098,1.275
772,HIP 79431,b,111.7,0.36
773,HIP 8541,b,1560.2,2.8
774,HIP 91258,b,5.0505,0.06
775,HIP 97233,b,1058.8,2.55
778,HR 810,b,302.79999,0.92
779,HR 8799,b,170000,68
780,HR 8799,c,69000,38
781,HR 8799,d,37000,24
782,HR 8799,e,18000,14.5
787,K2-104,b,1.974238,0.023
788,K2-105,b,8.266902,0.081
789,K2-107,b,3.31392,0.048
790,K2-108,b,4.73401,0.0573
791,K2-11,b,39.93767,0.2257
792,K2-110,b,13.86375,0.1021
793,K2-111,b,5.35117,0.0621
794,K2-113,b,5.817608,0.0558
795,K2-114,b,11.39109,0.09309
796,K2-115,b,20.273034,0.1367
797,K2-116,b,4.655411,0.048
798,K2-117,b,1.291505,0.019
799,K2-117,c,5.44482,0.051
800,K2-118,b,50.92092,0.245
801,K2-119,b,7.728578,0.07
802,K2-12,b,8.28212,0.0802
803,K2-120,b,9.562742,0.078
804,K2-121,b,5.185754,0.052
805,K2-122,b,2.219405,0.029
806,K2-123,b,30.956763,0.167
807,K2-124,b,6.413539,0.051
808,K2-125,b,21.750264,0.121
809,K2-126,b,7.387073,0.066
810,K2-127,b,3.588165,0.041
811,K2-128,b,5.675819,0.056
812,K2-129,b,8.239493,0.057
813,K2-13,b,39.91488,0.2114
814,K2-130,b,2.49412,0.032
817,K2-133,b,3.0712,0.033
818,K2-133,c,4.8682,0.045
819,K2-133,d,11.0234,0.077
823,K2-137,b,0.179715,0.0058
824,K2-138,b,2.35322,0.0338
825,K2-138,c,3.55987,0.04454
826,K2-138,d,5.40478,0.05883
827,K2-138,e,8.26144,0.07807
828,K2-138,f,12.75759,0.1043
829,K2-139,b,28.38236,0.179
830,K2-14,b,8.36802,0.0627
831,K2-140,b,6.5693,0.0591
834,K2-146,b,2.644646,0.0266
835,K2-147,b,0.961917,0.0159
836,K2-148,b,4.38395,0.0454
837,K2-148,c,6.9226,0.0616
838,K2-148,d,9.7579,0.0774
839,K2-149,b,11.332,0.083
840,K2-15,b,11.8104,0.091
841,K2-150,b,10.59357,0.0727
842,K2-151,b,3.835592,0.0365
843,K2-152,b,32.6527,0.1735
844,K2-153,b,7.51554,0.0601
845,K2-154,b,3.67635,0.0408
846,K2-154,c,7.95478,0.0683
847,K2-155,b,6.342,0.0562
848,K2-155,c,13.85,0.0946
849,K2-155,d,40.718,0.1937
854,K2-16,b,7.6188,0.0667
855,K2-16,c,19.07863,0.1229
868,K2-17,b,17.96753,0.119
881,K2-18,b,32.93963,0.143
882,K2-18,c,8.962,0.06
900,K2-19,b,7.9194,0.074
901,K2-19,c,11.90715,0.0971
902,K2-19,d,2.50856,0.0344
927,K2-21,b,9.325038,0.076
928,K2-21,c,15.50192,0.107
941,K2-22,b,0.381078,0.0088
952,K2-229,b,0.584249,0.012888
953,K2-229,c,8.32834,0.07577
956,K2-232,b,11.168454,0.10356
957,K2-233,b,2.46746,0.03317
958,K2-233,c,7.06142,0.06687
959,K2-233,d,24.3662,0.1527
960,K2-24,b,20.88508,0.1542
961,K2-24,c,42.36342,0.2471
963,K2-26,b,14.5665,0.0962
964,K2-27,b,6.771315,0.06702
965,K2-28,b,2.260455,0.0214
966,K2-29,b,3.2588321,0.04217
967,K2-3,b,10.05449,0.0769
968,K2-3,c,24.64354,0.1399
969,K2-3,d,44.55983,0.2076
970,K2-30,b,4.098503,0.04839
971,K2-31,b,1.25785,0.022
972,K2-32,b,8.99213,0.08036
973,K2-32,c,20.6602,0.1399
974,K2-32,d,31.7154,0.1862
977,K2-35,b,5.608352,0.055
978,K2-35,c,2.399964,0.031
979,K2-36,b,1.42266,0.023
980,K2-36,c,5.34059,0.0555
981,K2-37,b,4.44117,0.0511
982,K2-37,c,6.42904,0.0654
983,K2-37,d,14.09189,0.1103
985,K2-38,c,10.56103,0.0964
987,K2-4,b,10.003417,0.078
988,K2-42,b,6.68796,0.0617
989,K2-43,b,3.471341,0.038
990,K2-44,b,5.65688,0.0651
991,K2-45,b,1.7292684,0.0224
992,K2-46,b,19.1541,0.13821
993,K2-47,b,31.6372,0.1779
994,K2-48,b,20.5065,0.1344
995,K2-49,b,2.77065,0.0309
996,K2-5,b,5.73594,0.0532
997,K2-5,c,10.93241,0.0818
998,K2-50,b,8.7529,0.0705
999,K2-52,b,3.53482,0.0485
1000,K2-53,b,12.2054,0.0975
1001,K2-54,b,9.7843,0.0671
1002,K2-55,b,2.849258,0.03486
1003,K2-57,b,9.0063,0.0746
1004,K2-58,b,7.05254,0.0692
1005,K2-58,c,2.53726,0.035
1006,K2-58,d,22.8827,0.1517
1007,K2-59,b,20.6921,0.1354
1008,K2-59,c,11.2954,0.0905
1009,K2-6,b,30.94191,0.1898
1010,K2-60,b,3.00265,0.045
1011,K2-61,b,2.57302,0.0392
1012,K2-62,b,6.67202,0.0636
1013,K2-62,c,16.1966,0.1148
1014,K2-63,b,20.257,0.1627
1015,K2-64,b,6.53044,0.0619
1016,K2-65,b,12.6475,0.1014
1017,K2-66,b,5.06963,0.05983
1018,K2-68,b,8.05428,0.0708
1019,K2-69,b,7.06599,0.0591
1020,K2-7,b,28.67992,0.1814
1021,K2-70,b,13.97896,0.1112
1022,K2-71,b,6.98541,0.0559
1023,K2-72,b,5.577212,0.04
1024,K2-72,c,15.189034,0.078
1025,K2-72,d,7.760178,0.05
1026,K2-72,e,24.158868,0.106
1027,K2-73,b,7.49543,0.07619
1028,K2-74,b,19.5666,0.1402
1029,K2-75,b,7.8142,0.081
1030,K2-75,c,18.311,0.1429
1032,K2-79,b,10.99573,0.0987
1033,K2-8,b,10.35239,0.0856
1034,K2-8,c,5.06416,0.0532
1036,K2-80,b,19.0918,0.135
1037,K2-80,c,5.605,0.0596
1038,K2-81,b,6.102325,0.059
1039,K2-83,b,2.74697,0.03014
1040,K2-83,c,9.99767,0.07131
1041,K2-84,b,6.4215,0.0665
1042,K2-84,c,27.86,0.1768
1043,K2-85,b,0.684533,0.01263
1044,K2-86,b,8.77683,0.077
1045,K2-87,b,9.72739,0.0876
1046,K2-88,b,4.6122,0.0345
1047,K2-89,b,1.096026,0.01462
1048,K2-9,b,18.4498,0.091
1049,K2-90,b,13.734907,0.1
1050,K2-90,c,2.900706,0.035
1051,K2-91,b,1.419549,0.0164
1052,K2-95,b,10.13389,0.0653
1054,K2-98,b,10.13675,0.0943
1055,K2-99,b,18.249,0.159
1056,KELT-1,b,1.217514,0.02466
1057,KELT-10,b,4.1662739,0.0525
1058,KELT-11,b,4.736529,0.06229
1059,KELT-12,b,5.031623,0.06708
1060,KELT-14,b,1.7100566,0.03005
1062,KELT-16,b,0.9689951,0.02044
1063,KELT-17,b,3.0801716,0.04881
1064,KELT-18,b,2.8717518,0.0455
1065,KELT-19 A,b,4.6117093,0.0637
1067,KELT-20,b,3.4741085,0.0542
1068,KELT-21,b,3.6127647,0.05224
1070,KELT-4 A,b,2.9895932,0.04317
1072,KELT-6,c,1276,2.39
1075,KELT-9,b,1.4811235,0.03462
1088,KOI-1257,b,86.647661,0.382
1089,KOI-13,b,1.763588,0.03641
1091,KOI-142,c,22.3395,0.15525
1092,KOI-217,b,3.90512,0.0477
1093,KOI-351,b,7.008151,0.074
1094,KOI-351,c,8.719375,0.089
1095,KOI-351,d,59.73667,0.32
1096,KOI-351,e,91.93913,0.42
1097,KOI-351,f,124.9144,0.48
1098,KOI-351,g,210.60697,0.71
1099,KOI-351,h,331.60059,1.01
1101,KOI-55,b,0.240104,0.006
1102,KOI-55,c,0.342887,0.0076
1103,KOI-94,b,3.743208,0.05119
1104,KOI-94,c,10.423648,0.1013
1105,KOI-94,d,22.342989,0.1684
1106,KOI-94,e,54.32031,0.3046
1107,KPS-1,b,1.706291,0.0269
1108,Kapteyn,c,121.54,0.311
1109,Kepler-10,b,0.837491,0.0172
1124,Kepler-101,b,3.4876812,0.0474
1125,Kepler-101,c,6.02976,0.0684
1164,Kepler-104,b,11.427548,0.094
1165,Kepler-104,c,23.668205,0.153
1166,Kepler-104,d,51.755394,0.257
1178,Kepler-105,b,5.4122,0.066
1206,Kepler-107,b,3.179997,0.044
1207,Kepler-107,c,4.901425,0.059
1208,Kepler-107,d,7.958203,0.082
1209,Kepler-107,e,14.749049,0.123
1221,Kepler-108,b,49.183921,0.292
1222,Kepler-108,c,190.323494,0.721
1247,Kepler-11,b,10.3039,0.091
1248,Kepler-11,c,13.0241,0.107
1249,Kepler-11,d,22.6845,0.155
1250,Kepler-11,e,31.9996,0.195
1251,Kepler-11,f,46.6888,0.25
1252,Kepler-11,g,118.3807,0.466
1253,Kepler-110,b,12.691112,0.107
1254,Kepler-110,c,31.719775,0.198
1265,Kepler-111,b,3.341815,0.046
1266,Kepler-111,c,224.784608,0.761
1277,Kepler-112,b,8.408878,0.076
1278,Kepler-112,c,28.574263,0.172
1302,Kepler-114,b,5.188549,0.053
1316,Kepler-115,b,2.403679,0.036
1317,Kepler-115,c,8.990889,0.087
1329,Kepler-116,b,5.968734,0.069
1330,Kepler-116,c,13.07163,0.116
1341,Kepler-117,b,18.7959228,0.1445
1342,Kepler-117,c,50.790391,0.2804
1353,Kepler-118,b,7.518496,0.073
1354,Kepler-118,c,20.17202,0.141
1365,Kepler-119,b,2.422082,0.035
1366,Kepler-119,c,4.125103,0.049
1377,Kepler-12,b,4.4379629,0.0553
1378,Kepler-120,b,6.312501,0.055
1379,Kepler-120,c,12.794585,0.088
1390,Kepler-121,b,3.177422,0.039
1391,Kepler-121,c,41.008011,0.216
1402,Kepler-122,b,5.766193,0.064
1403,Kepler-122,c,12.465988,0.108
1404,Kepler-122,d,21.587475,0.155
1405,Kepler-122,e,37.993273,0.227
1417,Kepler-123,b,17.232366,0.135
1418,Kepler-123,c,26.695074,0.181
1429,Kepler-124,b,3.410493,0.039
1430,Kepler-124,c,13.821375,0.1
1431,Kepler-124,d,30.950851,0.17
1443,Kepler-125,b,4.164389,0.041
1444,Kepler-125,c,5.774464,0.051
1457,Kepler-126,b,10.495711,0.099
1458,Kepler-126,c,21.869741,0.162
1459,Kepler-126,d,100.283134,0.448
1470,Kepler-127,b,14.435889,0.125
1471,Kepler-127,c,29.393195,0.2
1472,Kepler-127,d,48.630408,0.28
1495,Kepler-129,b,15.79186,0.131
1496,Kepler-129,c,82.20017,0.393
1507,Kepler-130,b,8.457458,0.079
1508,Kepler-130,c,27.50868,0.178
1509,Kepler-130,d,87.517905,0.377
1533,Kepler-132,b,6.178196,0.067
1534,Kepler-132,c,6.414914,0.068
1535,Kepler-132,d,18.010199,0.136
1548,Kepler-133,b,8.129976,0.083
1549,Kepler-133,c,31.517586,0.204
1561,Kepler-134,b,5.317429,0.06
1562,Kepler-134,c,10.105785,0.092
1573,Kepler-135,b,6.00253,0.067
1574,Kepler-135,c,11.448708,0.103
1586,Kepler-136,b,11.5789,0.106
1587,Kepler-136,c,16.399235,0.133
1599,Kepler-137,b,8.436387,0.077
1600,Kepler-137,c,18.735753,0.13
1629,Kepler-139,b,15.771044,0.127
1630,Kepler-139,c,157.072878,0.586
1643,Kepler-140,b,3.25427,0.045
1644,Kepler-140,c,91.353282,0.414
1655,Kepler-141,b,3.107675,0.039
1656,Kepler-141,c,7.010606,0.067
1667,Kepler-142,b,2.024152,0.032
1668,Kepler-142,c,4.761702,0.057
1669,Kepler-142,d,41.809118,0.242
1680,Kepler-143,b,16.007583,0.127
1681,Kepler-143,c,27.082511,0.181
1692,Kepler-144,b,5.885273,0.066
1693,Kepler-144,c,10.104665,0.094
1716,Kepler-146,b,31.158799,0.2
1717,Kepler-146,c,76.732171,0.364
1730,Kepler-147,b,12.610584,0.113
1731,Kepler-147,c,33.416423,0.216
1742,Kepler-148,b,1.729366,0.028
1743,Kepler-148,c,4.180043,0.05
1755,Kepler-149,b,29.198943,0.184
1756,Kepler-149,c,55.328328,0.281
1757,Kepler-149,d,160.018032,0.571
1768,Kepler-15,b,4.942782,0.05714
1769,Kepler-150,b,3.428054,0.044
1770,Kepler-150,c,7.381998,0.073
1771,Kepler-150,d,12.56093,0.104
1772,Kepler-150,e,30.826557,0.189
1773,Kepler-150,f,637.2093,1.24
1784,Kepler-151,b,15.228958,0.116
1785,Kepler-151,c,24.674612,0.16
1796,Kepler-152,b,18.207973,0.124
1797,Kepler-152,c,88.255055,0.356
1808,Kepler-153,b,18.870227,0.129
1809,Kepler-153,c,46.90232,0.237
1821,Kepler-154,b,33.040532,0.198
1822,Kepler-154,c,62.303276,0.303
1839,Kepler-155,b,5.931194,0.056
1840,Kepler-155,c,52.661793,0.242
1851,Kepler-156,b,4.973456,0.054
1852,Kepler-156,c,15.906801,0.117
1863,Kepler-157,b,1.732342,0.028
1864,Kepler-157,c,13.5405,0.11
1876,Kepler-158,b,16.709184,0.111
1877,Kepler-158,c,28.551383,0.158
1888,Kepler-159,b,10.139623,0.082
1889,Kepler-159,c,43.595792,0.218
1900,Kepler-16,b,228.776,0.7048
1901,Kepler-160,b,4.309427,0.05
1902,Kepler-160,c,13.699087,0.109
1913,Kepler-161,b,4.921355,0.054
1914,Kepler-161,c,7.06424,0.068
1925,Kepler-162,b,6.919798,0.069
1926,Kepler-162,c,19.446355,0.137
1937,Kepler-163,b,7.810937,0.078
1938,Kepler-163,c,21.347262,0.152
1949,Kepler-164,b,5.03503,0.058
1950,Kepler-164,c,10.945723,0.097
1951,Kepler-164,d,28.986769,0.187
1961,Kepler-1647,b,1107.5923,2.7205
1962,Kepler-1649,b,8.68909,0.0514
1963,Kepler-165,b,8.180848,0.072
1964,Kepler-165,c,15.31299,0.11
1967,Kepler-1652,b,38.09722,0.1654
1968,Kepler-1653,b,140.2524,0.4706
1969,Kepler-1654,b,1047.8356,2.026
1970,Kepler-1655,b,11.8728787,0.103
1971,Kepler-166,b,7.650254,0.072
1972,Kepler-166,c,34.260281,0.195
1974,Kepler-167,b,4.3931632,0.0483
1975,Kepler-167,c,7.406114,0.0684
1976,Kepler-167,d,21.803855,0.1405
1977,Kepler-167,e,1071.23228,1.89
1978,Kepler-168,b,4.425391,0.056
1979,Kepler-168,c,13.193242,0.116
1980,Kepler-169,b,3.250619,0.04
1981,Kepler-169,c,6.195469,0.062
1982,Kepler-169,d,8.348125,0.075
1983,Kepler-169,e,13.767102,0.105
1984,Kepler-169,f,87.090195,0.359
1985,Kepler-17,b,1.4857108,0.02591
1986,Kepler-170,b,7.930592,0.08
1987,Kepler-170,c,16.665863,0.131
1988,Kepler-171,b,4.166972,0.05
1989,Kepler-171,c,11.463462,0.098
1990,Kepler-171,d,39.595519,0.223
1991,Kepler-172,b,2.940309,0.04
1992,Kepler-172,c,6.388996,0.068
1993,Kepler-172,d,14.627119,0.118
1994,Kepler-172,e,35.118736,0.211
1995,Kepler-173,b,4.263742,0.048
1996,Kepler-173,c,8.005777,0.074
1997,Kepler-174,b,13.98179,0.1
1998,Kepler-174,c,44.000529,0.214
1999,Kepler-174,d,247.35373,0.677
2000,Kepler-175,b,11.903515,0.105
2001,Kepler-175,c,34.035257,0.213
2002,Kepler-176,b,5.433074,0.058
2003,Kepler-176,c,12.759712,0.102
2004,Kepler-176,d,25.751974,0.163
2008,Kepler-178,b,9.576694,0.085
2009,Kepler-178,c,20.552802,0.142
2010,Kepler-178,d,96.678988,0.397
2011,Kepler-179,b,2.735926,0.036
2012,Kepler-179,c,6.40013,0.064
2013,Kepler-18,b,3.504725,0.0447
2014,Kepler-18,c,7.64159,0.0752
2015,Kepler-18,d,14.85888,0.1172
2016,Kepler-180,b,13.817124,0.109
2017,Kepler-180,c,41.885775,0.229
2018,Kepler-181,b,3.137873,0.04
2019,Kepler-181,c,4.302149,0.049
2020,Kepler-182,b,9.825792,0.096
2021,Kepler-182,c,20.684342,0.157
2022,Kepler-183,b,5.687945,0.064
2023,Kepler-183,c,11.637071,0.103
2024,Kepler-184,b,10.687576,0.092
2025,Kepler-184,c,20.303005,0.141
2026,Kepler-184,d,29.022358,0.179
2027,Kepler-185,b,1.6329,0.026
2028,Kepler-185,c,20.729042,0.139
2029,Kepler-186,b,3.8867907,0.0343
2030,Kepler-186,c,7.267302,0.0451
2031,Kepler-186,d,13.342996,0.0781
2032,Kepler-186,e,22.407704,0.11
2033,Kepler-186,f,129.9441,0.432
2034,Kepler-187,b,4.938864,0.059
2035,Kepler-187,c,10.640263,0.099
2036,Kepler-188,b,2.061897,0.032
2037,Kepler-188,c,5.996553,0.066
2038,Kepler-189,b,10.399931,0.088
2039,Kepler-189,c,20.134866,0.137
2043,Kepler-190,b,2.019999,0.03
2044,Kepler-190,c,3.763024,0.045
2045,Kepler-191,b,9.939632,0.087
2046,Kepler-191,c,17.738506,0.128
2048,Kepler-192,b,9.926746,0.09
2049,Kepler-192,c,21.2234,0.15
2051,Kepler-193,b,11.38848,0.106
2052,Kepler-193,c,50.697494,0.286
2053,Kepler-194,b,2.092281,0.032
2054,Kepler-194,c,17.308032,0.131
2055,Kepler-194,d,52.814973,0.275
2056,Kepler-195,b,8.307872,0.077
2057,Kepler-195,c,34.096863,0.197
2058,Kepler-196,b,20.739886,0.138
2059,Kepler-196,c,47.427737,0.24
2060,Kepler-197,b,5.599308,0.06
2061,Kepler-197,c,10.349695,0.09
2062,Kepler-197,d,15.677563,0.119
2063,Kepler-197,e,25.209715,0.164
2064,Kepler-198,b,17.790037,0.131
2065,Kepler-198,c,49.567416,0.259
2067,Kepler-199,b,23.637604,0.158
2068,Kepler-199,c,67.093408,0.316
2069,Kepler-20,b,3.69611525,0.0463
2070,Kepler-20,c,10.85409089,0.0949
2071,Kepler-20,d,77.61130017,0.3506
2072,Kepler-20,e,6.09852281,0.0639
2073,Kepler-20,f,19.57758478,0.1396
2074,Kepler-20,g,34.94,0.2055
2075,Kepler-200,b,8.594805,0.08
2076,Kepler-200,c,10.222157,0.09
2077,Kepler-201,b,25.672083,0.175
2078,Kepler-201,c,151.884058,0.573
2079,Kepler-202,b,4.069427,0.045
2080,Kepler-202,c,16.282493,0.113
2081,Kepler-203,b,3.162697,0.043
2082,Kepler-203,c,5.370647,0.061
2083,Kepler-203,d,11.32972,0.1
2084,Kepler-204,b,14.400974,0.117
2085,Kepler-204,c,25.660593,0.173
2086,Kepler-205,b,2.75564,0.032
2087,Kepler-205,c,20.306546,0.122
2088,Kepler-206,b,7.781987,0.078
2089,Kepler-206,c,13.137471,0.111
2090,Kepler-206,d,23.44281,0.163
2091,Kepler-207,b,1.611865,0.029
2092,Kepler-207,c,3.071571,0.044
2093,Kepler-207,d,5.868075,0.068
2094,Kepler-208,b,4.22864,0.054
2095,Kepler-208,c,7.466623,0.079
2096,Kepler-208,d,11.131786,0.103
2097,Kepler-208,e,16.259458,0.132
2098,Kepler-209,b,16.087845,0.122
2099,Kepler-209,c,41.749882,0.231
2100,Kepler-21,b,2.78578,0.042717
2101,Kepler-210,b,2.453234,0.032
2102,Kepler-210,c,7.972513,0.07
2103,Kepler-211,b,4.138575,0.048
2104,Kepler-211,c,6.04045,0.062
2105,Kepler-212,b,16.257582,0.133
2106,Kepler-212,c,31.805174,0.207
2107,Kepler-213,b,2.46236,0.036
2108,Kepler-213,c,4.822962,0.057
2109,Kepler-214,b,15.660544,0.13
2110,Kepler-214,c,28.7798,0.194
2111,Kepler-215,b,9.360672,0.084
2112,Kepler-215,c,14.667108,0.113
2113,Kepler-215,d,30.864423,0.185
2114,Kepler-215,e,68.16101,0.314
2115,Kepler-216,b,7.693641,0.079
2116,Kepler-216,c,17.406669,0.136
2117,Kepler-217,b,5.374943,0.065
2118,Kepler-217,c,8.586004,0.089
2120,Kepler-218,b,3.619337,0.046
2121,Kepler-218,c,44.699576,0.248
2123,Kepler-219,b,4.585512,0.057
2124,Kepler-219,c,22.714613,0.165
2125,Kepler-219,d,47.903645,0.272
2126,Kepler-22,b,289.8623,0.849
2127,Kepler-220,b,4.159807,0.046
2128,Kepler-220,c,9.034199,0.076
2129,Kepler-220,d,28.122397,0.163
2130,Kepler-220,e,45.902733,0.226
2131,Kepler-221,b,2.795906,0.037
2132,Kepler-221,c,5.690586,0.059
2133,Kepler-221,d,10.04156,0.087
2134,Kepler-221,e,18.369917,0.13
2135,Kepler-222,b,3.936981,0.048
2136,Kepler-222,c,10.08881,0.091
2137,Kepler-222,d,28.081912,0.18
2142,Kepler-224,b,3.132924,0.038
2143,Kepler-224,c,5.925003,0.058
2144,Kepler-224,d,11.349393,0.089
2145,Kepler-224,e,18.643577,0.124
2146,Kepler-225,b,6.738975,0.056
2147,Kepler-225,c,18.794234,0.111
2148,Kepler-226,b,3.940997,0.047
2149,Kepler-226,c,5.349555,0.058
2150,Kepler-226,d,8.109044,0.076
2151,Kepler-227,b,9.488015,0.09
2152,Kepler-227,c,54.418694,0.29
2153,Kepler-228,b,2.566546,0.038
2154,Kepler-228,c,4.134444,0.052
2155,Kepler-228,d,11.094286,0.101
2156,Kepler-229,b,6.252972,0.062
2157,Kepler-229,c,16.068638,0.117
2158,Kepler-229,d,41.194912,0.22
2159,Kepler-23,b,7.1073,0.075
2160,Kepler-23,c,10.7421,0.099
2161,Kepler-23,d,15.274299,0.124
2162,Kepler-230,b,32.625555,0.191
2163,Kepler-230,c,91.773242,0.38
2164,Kepler-231,b,10.065275,0.074
2165,Kepler-231,c,19.271566,0.114
2166,Kepler-232,b,4.431222,0.054
2167,Kepler-232,c,11.379349,0.101
2168,Kepler-233,b,8.472382,0.077
2169,Kepler-233,c,60.418955,0.287
2170,Kepler-234,b,2.711506,0.04
2171,Kepler-234,c,7.21205,0.077
2172,Kepler-235,b,3.340222,0.037
2173,Kepler-235,c,7.824904,0.065
2174,Kepler-235,d,20.060548,0.122
2175,Kepler-235,e,46.183669,0.213
2176,Kepler-236,b,8.295611,0.065
2177,Kepler-236,c,23.968127,0.132
2178,Kepler-237,b,4.715106,0.05
2179,Kepler-237,c,8.103636,0.071
2180,Kepler-238,b,2.090876,0.034
2181,Kepler-238,c,6.155557,0.069
2182,Kepler-238,d,13.233549,0.115
2185,Kepler-239,b,11.763051,0.095
2186,Kepler-239,c,56.228098,0.268
2187,Kepler-24,b,8.1453,0.08
2188,Kepler-24,c,12.3335,0.106
2189,Kepler-24,d,4.244384,0.051
2190,Kepler-24,e,18.998355,0.138
2191,Kepler-240,b,4.144495,0.048
2192,Kepler-240,c,7.953528,0.074
2193,Kepler-241,b,12.718092,0.094
2194,Kepler-241,c,36.065978,0.189
2195,Kepler-242,b,8.20395,0.075
2196,Kepler-242,c,14.496481,0.109
2197,Kepler-243,b,5.715442,0.062
2198,Kepler-243,c,20.026218,0.142
2199,Kepler-244,b,4.311792,0.05
2200,Kepler-244,c,9.767292,0.087
2201,Kepler-244,d,20.050401,0.14
2202,Kepler-245,b,7.49019,0.071
2203,Kepler-245,c,17.460812,0.124
2204,Kepler-245,d,36.277108,0.202
2206,Kepler-246,b,4.60182,0.052
2207,Kepler-246,c,11.187161,0.095
2208,Kepler-247,b,3.33616,0.042
2209,Kepler-247,c,9.439452,0.084
2210,Kepler-247,d,20.477912,0.14
2211,Kepler-248,b,6.308205,0.066
2212,Kepler-248,c,16.239494,0.123
2213,Kepler-249,b,3.306539,0.035
2214,Kepler-249,c,7.113702,0.058
2215,Kepler-249,d,15.368459,0.097
2219,Kepler-250,b,4.148141,0.048
2220,Kepler-250,c,7.156804,0.069
2221,Kepler-250,d,17.648312,0.127
2222,Kepler-251,b,4.790936,0.053
2223,Kepler-251,c,16.514043,0.122
2224,Kepler-251,d,30.133001,0.182
2225,Kepler-251,e,99.640161,0.404
2226,Kepler-252,b,6.668391,0.058
2227,Kepler-252,c,10.848463,0.08
2228,Kepler-253,b,3.783986,0.046
2229,Kepler-253,c,10.281951,0.089
2230,Kepler-253,d,18.119869,0.13
2231,Kepler-254,b,5.826662,0.064
2232,Kepler-254,c,12.412183,0.105
2233,Kepler-254,d,18.746477,0.139
2234,Kepler-255,b,5.714606,0.063
2235,Kepler-255,c,9.946047,0.092
2237,Kepler-256,b,1.620493,0.027
2238,Kepler-256,c,3.38802,0.045
2239,Kepler-256,d,5.839172,0.064
2240,Kepler-256,e,10.681572,0.096
2241,Kepler-257,b,2.382667,0.034
2242,Kepler-257,c,6.581484,0.066
2243,Kepler-257,d,24.664551,0.16
2244,Kepler-258,b,13.19722,0.103
2245,Kepler-258,c,33.653079,0.193
2246,Kepler-259,b,8.115317,0.079
2247,Kepler-259,c,36.924931,0.217
2250,Kepler-26,d,3.543919,0.039
2251,Kepler-26,e,46.827915,0.22
2252,Kepler-260,b,8.187399,0.075
2253,Kepler-260,c,76.050178,0.332
2254,Kepler-261,b,10.381227,0.088
2255,Kepler-261,c,24.570858,0.156
2256,Kepler-262,b,13.060855,0.108
2257,Kepler-262,c,21.853722,0.152
2258,Kepler-263,b,16.568087,0.12
2259,Kepler-263,c,47.332773,0.242
2260,Kepler-264,b,40.806231,0.249
2261,Kepler-264,c,140.101261,0.566
2262,Kepler-265,b,6.846262,0.069
2263,Kepler-265,c,17.028937,0.127
2264,Kepler-265,d,43.130617,0.236
2265,Kepler-265,e,67.831024,0.319
2266,Kepler-266,b,6.61833,0.071
2267,Kepler-266,c,107.723601,0.457
2268,Kepler-267,b,3.353728,0.037
2269,Kepler-267,c,6.87745,0.06
2270,Kepler-267,d,28.464515,0.154
2271,Kepler-268,b,25.934138,0.18
2272,Kepler-268,c,83.446393,0.391
2273,Kepler-269,b,5.326718,0.061
2274,Kepler-269,c,8.127899,0.081
2275,Kepler-27,b,15.3348,0.118
2276,Kepler-27,c,31.3309,0.191
2277,Kepler-270,b,11.476094,0.107
2278,Kepler-270,c,25.262887,0.18
2279,Kepler-271,b,5.217738,0.056
2280,Kepler-271,c,7.410935,0.071
2282,Kepler-272,b,2.971353,0.038
2283,Kepler-272,c,6.057342,0.061
2284,Kepler-272,d,10.937304,0.091
2285,Kepler-273,b,2.936532,0.037
2286,Kepler-273,c,8.014927,0.073
2287,Kepler-274,b,11.634788,0.101
2288,Kepler-274,c,33.197861,0.204
2289,Kepler-275,b,10.300682,0.098
2290,Kepler-275,c,16.088134,0.132
2291,Kepler-275,d,35.676062,0.224
2292,Kepler-276,b,14.12841,0.119
2297,Kepler-278,b,30.160546,0.207
2298,Kepler-278,c,51.078775,0.294
2299,Kepler-279,b,12.309681,0.112
2302,Kepler-28,b,5.9123,0.062
2303,Kepler-28,c,8.9858,0.081
2304,Kepler-280,b,2.139542,0.032
2305,Kepler-280,c,4.807091,0.056
2306,Kepler-281,b,14.646008,0.117
2307,Kepler-281,c,36.337373,0.215
2308,Kepler-282,b,9.220524,0.082
2309,Kepler-282,c,13.638723,0.106
2312,Kepler-283,b,11.008151,0.082
2313,Kepler-283,c,92.743711,0.341
2314,Kepler-284,b,12.699149,0.104
2315,Kepler-284,c,37.514456,0.213
2316,Kepler-285,b,2.633867,0.036
2317,Kepler-285,c,6.186676,0.064
2318,Kepler-286,b,1.796302,0.027
2319,Kepler-286,c,3.468095,0.042
2320,Kepler-286,d,5.914323,0.061
2321,Kepler-286,e,29.221289,0.176
2322,Kepler-287,b,20.342199,0.145
2323,Kepler-287,c,44.851896,0.246
2324,Kepler-288,b,6.097326,0.065
2325,Kepler-288,c,19.305772,0.14
2326,Kepler-288,d,56.633742,0.287
2327,Kepler-289,b,34.545,0.21
2328,Kepler-289,c,125.8518,0.51
2329,Kepler-289,d,66.0634,0.33
2332,Kepler-290,b,14.589347,0.11
2333,Kepler-290,c,36.77031,0.205
2334,Kepler-291,b,3.546511,0.047
2335,Kepler-291,c,5.700786,0.065
2336,Kepler-292,b,2.580827,0.035
2337,Kepler-292,c,3.715335,0.045
2338,Kepler-292,d,7.055679,0.068
2339,Kepler-292,e,11.97901,0.097
2340,Kepler-292,f,20.834237,0.141
2341,Kepler-293,b,19.254196,0.144
2342,Kepler-293,c,54.155743,0.286
2343,Kepler-294,b,3.701212,0.048
2344,Kepler-294,c,6.6264,0.071
2345,Kepler-295,b,12.645164,0.099
2346,Kepler-295,c,21.526258,0.142
2347,Kepler-295,d,33.884054,0.192
2348,Kepler-296,b,10.864384,0.079
2349,Kepler-296,c,5.8416366,0.0521
2350,Kepler-296,d,19.850291,0.118
2351,Kepler-296,e,34.14211,0.169
2352,Kepler-296,f,63.33627,0.255
2353,Kepler-297,b,38.871826,0.217
2354,Kepler-297,c,74.920137,0.336
2355,Kepler-298,b,10.475464,0.08
2356,Kepler-298,c,22.92881,0.136
2357,Kepler-298,d,77.473633,0.305
2358,Kepler-299,b,2.927128,0.04
2359,Kepler-299,c,6.885875,0.07
2360,Kepler-299,d,15.054786,0.118
2361,Kepler-299,e,38.285489,0.22
2362,Kepler-30,b,29.33434,0.18
2363,Kepler-30,c,60.323105,0.3
2364,Kepler-30,d,143.34394,0.5
2365,Kepler-300,b,10.446347,0.094
2366,Kepler-300,c,40.714955,0.232
2367,Kepler-301,b,2.508553,0.036
2368,Kepler-301,c,5.419026,0.06
2369,Kepler-301,d,13.751243,0.112
2370,Kepler-302,b,30.184104,0.193
2371,Kepler-302,c,127.282184,0.503
2372,Kepler-303,b,1.937055,0.024
2373,Kepler-303,c,7.061149,0.057
2374,Kepler-304,b,3.295709,0.039
2375,Kepler-304,c,5.315946,0.054
2376,Kepler-304,d,9.653471,0.08
2380,Kepler-305,d,16.738661,0.121
2381,Kepler-306,b,4.646186,0.05
2382,Kepler-306,c,7.240193,0.067
2383,Kepler-306,d,17.326644,0.12
2384,Kepler-306,e,44.840975,0.227
2387,Kepler-308,b,9.694928,0.09
2388,Kepler-308,c,15.38231,0.123
2389,Kepler-309,b,5.923653,0.059
2390,Kepler-309,c,105.356383,0.401
2391,Kepler-31,b,20.8613,0.16
2392,Kepler-31,c,42.6318,0.26
2393,Kepler-31,d,87.6451,0.4
2394,Kepler-310,b,13.930698,0.111
2395,Kepler-310,c,56.47542,0.281
2396,Kepler-310,d,92.876125,0.392
2397,Kepler-311,b,9.176092,0.087
2398,Kepler-311,c,19.738286,0.145
2399,Kepler-312,b,1.772419,0.031
2400,Kepler-312,c,19.747412,0.153
2401,Kepler-313,b,14.970418,0.125
2402,Kepler-313,c,32.273273,0.208
2403,Kepler-314,b,2.461069,0.035
2404,Kepler-314,c,5.960392,0.064
2405,Kepler-315,b,96.101141,0.402
2406,Kepler-315,c,265.469335,0.791
2407,Kepler-316,b,2.240508,0.027
2408,Kepler-316,c,6.827766,0.058
2409,Kepler-317,b,5.524242,0.061
2410,Kepler-317,c,8.77501,0.083
2411,Kepler-318,b,4.662715,0.056
2412,Kepler-318,c,11.815007,0.105
2413,Kepler-319,b,4.362705,0.051
2414,Kepler-319,c,6.941357,0.069
2415,Kepler-319,d,31.781925,0.191
2416,Kepler-32,b,5.90124,0.05
2417,Kepler-32,c,8.7522,0.09
2418,Kepler-32,d,22.7802,0.13
2419,Kepler-32,e,2.896,0.033
2420,Kepler-32,f,0.74296,0.013
2421,Kepler-320,b,8.371554,0.085
2422,Kepler-320,c,17.934937,0.142
2423,Kepler-321,b,4.915379,0.057
2424,Kepler-321,c,13.093921,0.11
2425,Kepler-322,b,1.653888,0.027
2426,Kepler-322,c,4.337234,0.051
2427,Kepler-323,b,1.678327,0.028
2428,Kepler-323,c,3.553822,0.046
2429,Kepler-324,b,4.385315,0.05
2430,Kepler-324,c,51.805612,0.26
2431,Kepler-325,b,4.544439,0.053
2432,Kepler-325,c,12.762172,0.105
2433,Kepler-325,d,38.715185,0.22
2434,Kepler-326,b,2.248329,0.032
2435,Kepler-326,c,4.580358,0.051
2436,Kepler-326,d,6.766888,0.066
2437,Kepler-327,b,2.549575,0.029
2438,Kepler-327,c,5.212333,0.047
2439,Kepler-327,d,13.969457,0.09
2442,Kepler-329,b,7.416397,0.061
2443,Kepler-329,c,18.684737,0.113
2444,Kepler-33,b,5.66793,0.0677
2445,Kepler-33,c,13.17562,0.1189
2446,Kepler-33,d,21.77596,0.1662
2447,Kepler-33,e,31.7844,0.2138
2448,Kepler-33,f,41.02902,0.2535
2449,Kepler-330,b,8.25978,0.075
2450,Kepler-330,c,15.955387,0.116
2451,Kepler-331,b,8.457496,0.065
2452,Kepler-331,c,17.28111,0.105
2453,Kepler-331,d,32.134328,0.159
2454,Kepler-332,b,7.626324,0.07
2455,Kepler-332,c,15.995622,0.114
2456,Kepler-332,d,34.21154,0.189
2457,Kepler-333,b,12.551158,0.087
2458,Kepler-333,c,24.08821,0.135
2459,Kepler-334,b,5.470319,0.061
2460,Kepler-334,c,12.758005,0.107
2461,Kepler-334,d,25.09849,0.168
2462,Kepler-335,b,6.562331,0.075
2463,Kepler-335,c,67.844469,0.356
2464,Kepler-336,b,2.024823,0.033
2465,Kepler-336,c,9.600001,0.092
2466,Kepler-336,d,20.678772,0.154
2467,Kepler-337,b,3.292781,0.045
2468,Kepler-337,c,9.693201,0.093
2469,Kepler-338,b,13.726976,0.117
2470,Kepler-338,c,24.310856,0.172
2471,Kepler-338,d,44.431014,0.257
2473,Kepler-339,b,4.977656,0.055
2474,Kepler-339,c,6.988055,0.069
2475,Kepler-339,d,10.558345,0.091
2476,Kepler-34,b,288.822,1.0896
2477,Kepler-340,b,14.844387,0.134
2478,Kepler-340,c,22.824669,0.178
2479,Kepler-341,b,5.195528,0.06
2480,Kepler-341,c,8.01041,0.08
2481,Kepler-341,d,27.666313,0.182
2482,Kepler-341,e,42.473269,0.242
2483,Kepler-342,b,15.170318,0.128
2484,Kepler-342,c,26.234138,0.185
2485,Kepler-342,d,39.459357,0.242
2487,Kepler-343,b,8.96855,0.088
2488,Kepler-343,c,23.22182,0.167
2489,Kepler-344,b,21.963945,0.153
2490,Kepler-344,c,125.596809,0.488
2491,Kepler-345,b,7.415563,0.066
2492,Kepler-345,c,9.387427,0.077
2493,Kepler-346,b,6.511127,0.071
2494,Kepler-346,c,23.851549,0.168
2495,Kepler-347,b,12.79836,0.11
2496,Kepler-347,c,27.320871,0.183
2497,Kepler-348,b,7.05677,0.076
2498,Kepler-348,c,17.265427,0.138
2499,Kepler-349,b,5.929778,0.065
2500,Kepler-349,c,12.247629,0.105
2501,Kepler-35,b,131.458,0.60347
2502,Kepler-350,b,11.189562,0.104
2505,Kepler-351,b,37.054919,0.214
2506,Kepler-351,c,57.24809,0.287
2508,Kepler-352,b,10.05537,0.085
2509,Kepler-352,c,16.332995,0.118
2510,Kepler-353,b,5.795278,0.051
2511,Kepler-353,c,8.410894,0.065
2512,Kepler-354,b,5.47666,0.054
2513,Kepler-354,c,16.934402,0.115
2514,Kepler-354,d,24.209842,0.146
2515,Kepler-355,b,11.03189,0.102
2516,Kepler-355,c,25.762294,0.179
2517,Kepler-356,b,4.612696,0.057
2518,Kepler-356,c,13.121632,0.115
2519,Kepler-357,b,6.475434,0.063
2520,Kepler-357,c,16.85837,0.12
2521,Kepler-357,d,49.499875,0.246
2522,Kepler-358,b,34.060467,0.21
2523,Kepler-358,c,83.488369,0.381
2524,Kepler-359,b,25.563222,0.178
2525,Kepler-359,c,57.68802,0.307
2526,Kepler-359,d,77.095691,0.372
2527,Kepler-36,b,13.83989,0.1153
2528,Kepler-36,c,16.23855,0.1283
2529,Kepler-360,b,3.289672,0.044
2530,Kepler-360,c,7.186434,0.075
2531,Kepler-361,b,8.486616,0.086
2532,Kepler-361,c,55.188023,0.3
2533,Kepler-362,b,10.327186,0.087
2534,Kepler-362,c,37.866281,0.207
2535,Kepler-363,b,3.614568,0.048
2536,Kepler-363,c,7.542427,0.079
2537,Kepler-363,d,11.932125,0.107
2538,Kepler-364,b,25.745718,0.178
2539,Kepler-364,c,59.980627,0.312
2540,Kepler-365,b,10.664903,0.098
2541,Kepler-365,c,17.784129,0.137
2542,Kepler-366,b,3.281959,0.045
2543,Kepler-366,c,12.51616,0.11
2544,Kepler-367,b,37.815724,0.201
2545,Kepler-367,c,53.578637,0.253
2546,Kepler-368,b,26.84768,0.186
2547,Kepler-368,c,72.379334,0.36
2548,Kepler-369,b,2.732756,0.03
2549,Kepler-369,c,14.871572,0.094
2554,Kepler-370,b,4.57953,0.054
2555,Kepler-370,c,19.02293,0.14
2556,Kepler-371,b,34.763278,0.2
2557,Kepler-371,c,67.968015,0.313
2558,Kepler-372,b,6.849692,0.075
2559,Kepler-372,c,20.053763,0.154
2560,Kepler-372,d,30.092568,0.201
2561,Kepler-373,b,5.535309,0.06
2562,Kepler-373,c,16.725948,0.126
2563,Kepler-374,b,1.897806,0.029
2564,Kepler-374,c,3.282807,0.042
2565,Kepler-374,d,5.028219,0.056
2566,Kepler-375,b,12.125934,0.101
2567,Kepler-375,c,19.986326,0.141
2568,Kepler-376,b,4.920199,0.057
2569,Kepler-376,c,14.172327,0.115
2570,Kepler-377,b,12.509529,0.109
2571,Kepler-377,c,27.014976,0.182
2572,Kepler-378,b,16.092361,0.112
2573,Kepler-378,c,28.906009,0.166
2574,Kepler-379,b,20.09838,0.152
2575,Kepler-379,c,62.784697,0.326
2576,Kepler-38,b,105.599,0.4632
2577,Kepler-380,b,3.930821,0.05
2578,Kepler-380,c,7.630004,0.078
2579,Kepler-381,b,5.629021,0.066
2580,Kepler-381,c,13.391635,0.117
2581,Kepler-382,b,5.262155,0.055
2582,Kepler-382,c,12.162701,0.097
2583,Kepler-383,b,12.904532,0.095
2584,Kepler-383,c,31.200751,0.172
2585,Kepler-384,b,22.597053,0.148
2586,Kepler-384,c,45.348269,0.236
2587,Kepler-385,b,10.043686,0.097
2588,Kepler-385,c,15.163161,0.127
2589,Kepler-386,b,12.31043,0.096
2590,Kepler-386,c,25.193458,0.155
2591,Kepler-387,b,6.791636,0.068
2592,Kepler-387,c,11.837549,0.098
2593,Kepler-388,b,3.173315,0.036
2594,Kepler-388,c,13.297004,0.093
2595,Kepler-389,b,3.244107,0.041
2596,Kepler-389,c,14.51143,0.11
2597,Kepler-39,b,21.08721,0.164
2598,Kepler-390,b,6.738088,0.065
2599,Kepler-390,c,13.060022,0.101
2600,Kepler-391,b,7.416755,0.082
2601,Kepler-391,c,20.485435,0.161
2602,Kepler-392,b,5.341853,0.059
2603,Kepler-392,c,10.423118,0.093
2604,Kepler-393,b,9.182417,0.091
2605,Kepler-393,c,14.613612,0.124
2606,Kepler-394,b,8.005013,0.083
2607,Kepler-394,c,12.130686,0.11
2608,Kepler-395,b,7.054346,0.061
2609,Kepler-395,c,34.989262,0.177
2612,Kepler-397,b,22.250949,0.144
2613,Kepler-397,c,135.498527,0.48
2614,Kepler-398,b,4.081423,0.044
2615,Kepler-398,c,11.419412,0.087
2617,Kepler-399,b,14.425281,0.103
2618,Kepler-399,c,26.67569,0.155
2619,Kepler-399,d,58.034616,0.261
2620,Kepler-4,b,3.21346,0.0456
2621,Kepler-40,b,6.87349,0.08
2622,Kepler-400,b,9.024389,0.087
2623,Kepler-400,c,17.340824,0.134
2624,Kepler-401,b,14.383035,0.122
2625,Kepler-401,c,47.318218,0.269
2627,Kepler-402,b,4.028751,0.051
2628,Kepler-402,c,6.124821,0.068
2629,Kepler-402,d,8.921099,0.087
2630,Kepler-402,e,11.242861,0.102
2631,Kepler-403,b,7.031462,0.076
2632,Kepler-403,c,54.280749,0.297
2634,Kepler-404,b,11.829851,0.102
2635,Kepler-404,c,14.751166,0.118
2636,Kepler-405,b,10.613839,0.095
2637,Kepler-405,c,29.726682,0.188
2644,Kepler-41,b,1.8555582,0.03101
2645,Kepler-410 A,b,17.833648,0.1226
2646,Kepler-411,b,3.00516,0.038
2648,Kepler-412,b,1.7208604,0.02897
2649,Kepler-413,b,66.262,0.3553
2659,Kepler-419,b,69.7546,0.37
2660,Kepler-419,c,675.47,1.68
2661,Kepler-42,b,1.2137672,0.0116
2662,Kepler-42,c,0.45328509,0.006
2663,Kepler-42,d,1.865169,0.0154
2664,Kepler-421,b,704.1984,1.219
2665,Kepler-422,b,7.8914483,0.082
2666,Kepler-423,b,2.6843285,0.03585
2667,Kepler-424,b,3.3118644,0.044
2668,Kepler-424,c,223.3,0.73
2669,Kepler-425,b,3.79701816,0.0464
2670,Kepler-426,b,3.21751883,0.0414
2671,Kepler-427,b,10.290994,0.091
2672,Kepler-428,b,3.52563254,0.0433
2673,Kepler-43,b,3.0240949,0.046
2674,Kepler-430,b,35.968,0.2244
2675,Kepler-430,c,110.979,0.4757
2676,Kepler-431,b,6.803,0.0719
2677,Kepler-431,c,8.703,0.0847
2678,Kepler-431,d,11.922,0.1045
2679,Kepler-432,b,52.501129,0.301
2681,Kepler-433,b,5.33408384,0.0679
2682,Kepler-434,b,12.8747099,0.1143
2683,Kepler-435,b,8.6001536,0.0948
2684,Kepler-436,b,64.00205,0.339
2686,Kepler-437,b,66.65062,0.288
2687,Kepler-438,b,35.23319,0.166
2688,Kepler-439,b,178.1396,0.563
2689,Kepler-44,b,3.2467293,0.0446
2690,Kepler-440,b,101.11141,0.242
2691,Kepler-441,b,207.2482,0.64
2692,Kepler-442,b,112.3053,0.409
2693,Kepler-443,b,177.6693,0.495
2694,Kepler-444,b,3.6001053,0.04178
2695,Kepler-444,c,4.5458841,0.04881
2696,Kepler-444,d,6.189392,0.06
2697,Kepler-444,e,7.743493,0.0696
2698,Kepler-444,f,9.740486,0.0811
2705,Kepler-447,b,7.79430132,0.0769
2708,Kepler-45,b,2.455239,0.03
2712,Kepler-452,b,384.843,1.046
2713,Kepler-453,b,240.503,0.7903
2717,Kepler-46,b,33.60134,0.1968
2718,Kepler-46,c,57.011,0.2799
2719,Kepler-46,d,6.766589,0.067
2730,Kepler-47,b,49.532,0.2962
2731,Kepler-47,c,303.137,0.991
2759,Kepler-49,d,2.576549,0.031
2760,Kepler-49,e,18.596108,0.116
2771,Kepler-5,b,3.5484657,0.0538
2772,Kepler-50,b,7.81254,0.077
2773,Kepler-50,c,9.37647,0.087
2784,Kepler-51,b,45.154,0.2514
2785,Kepler-51,c,85.312,0.384
2786,Kepler-51,d,130.194,0.509
2799,Kepler-52,d,36.445171,0.182
2815,Kepler-53,d,9.751962,0.091
2825,Kepler-539,b,125.63243,0.4988
2826,Kepler-539,c,1000,2.42
2829,Kepler-54,d,20.995694,0.126
2843,Kepler-55,d,2.211099,0.029
2844,Kepler-55,e,4.617534,0.048
2845,Kepler-55,f,10.198545,0.081
2857,Kepler-56,b,10.5016,0.1028
2858,Kepler-56,c,21.40239,0.1652
2859,Kepler-56,d,1002,2.16
2885,Kepler-58,d,40.101371,0.236
2908,Kepler-6,b,3.2346996,0.04852
2939,Kepler-62,b,5.714932,0.0553
2940,Kepler-62,c,12.4417,0.0929
2941,Kepler-62,d,18.16406,0.12
2942,Kepler-62,e,122.3874,0.427
2943,Kepler-62,f,267.291,0.718
2955,Kepler-63,b,9.4341505,0.08
2976,Kepler-65,b,2.15491,0.035
2977,Kepler-65,c,5.859944,0.068
2978,Kepler-65,d,8.13123,0.084
2990,Kepler-66,b,17.815815,0.1352
3001,Kepler-67,b,15.7259,0.1171
3025,Kepler-69,b,13.722341,0.094
3026,Kepler-69,c,242.4613,0.64
3037,Kepler-7,b,4.8854892,0.06067
3081,Kepler-74,b,7.340711,0.0781
3092,Kepler-75,b,8.8849116,0.0818
3108,Kepler-76,b,1.5449298,0.0274
3121,Kepler-77,b,3.57878087,0.04501
3145,Kepler-79,b,13.4845,0.117
3146,Kepler-79,c,27.4029,0.187
3147,Kepler-79,d,52.0902,0.287
3148,Kepler-79,e,81.0659,0.386
3159,Kepler-8,b,3.5224991,0.0474
3160,Kepler-80,b,7.05246,0.0648
3161,Kepler-80,c,9.52355,0.0792
3162,Kepler-80,d,3.07222,0.0372
3163,Kepler-80,e,4.64489,0.0491
3164,Kepler-80,f,0.9867873,0.0175
3179,Kepler-81,d,20.837846,0.128
3192,Kepler-82,d,2.382961,0.034
3193,Kepler-82,e,5.902206,0.063
3207,Kepler-83,d,5.169796,0.051
3220,Kepler-84,d,4.224537,0.052
3221,Kepler-84,e,27.434389,0.181
3222,Kepler-84,f,44.552169,0.25
3235,Kepler-85,d,17.91323,0.13
3236,Kepler-85,e,25.216751,0.163
3257,Kepler-87,b,114.73635,0.481
3258,Kepler-87,c,191.2318,0.676
3290,Kepler-9,b,19.24,0.14
3291,Kepler-9,c,38.91,0.225
3292,Kepler-9,d,1.592851,0.0273
3304,Kepler-91,b,6.24658,0.0731
3415,LHS 1140,b,24.73712,0.0875
3418,Lupus-TR-3,b,3.91405,0.0464
3419,MASCARA-1,b,2.14878,0.043
3424,MOA-2009-BLG-266L,b,2774,3.2
3426,MOA-2009-BLG-387L,b,1982,1.82
3441,MXB 1658-298,b,760,1.613
3442,NGC 2682 Sand 364,b,121.71,0.53
3447,NGC 4349 127,b,677.79999,1.68
3448,NGTS-1,b,2.647298,0.0326
3449,NGTS-3 A,b,1.6753728,0.023
3450,NN Ser,c,5573.55,5.35
3451,NN Ser,d,2883.5,3.43
3456,OGLE-2005-BLG-390L,b,3285,2.6
3457,OGLE-2006-BLG-109L,b,1788.5,2.3
3458,OGLE-2006-BLG-109L,c,4927.5,4.5
3459,OGLE-2007-BLG-349L A,c,2557,2.59
3484,OGLE-2016-BLG-1190L,b,1224,2.17
3490,OGLE-TR-056,b,1.2119189,0.02383
3491,OGLE-TR-10,b,3.101278,0.0434
3492,OGLE-TR-111,b,4.0144463,0.0473
3493,OGLE-TR-113,b,1.4324752,0.02289
3494,OGLE-TR-132,b,1.689868,0.03035
3495,OGLE-TR-182,b,3.9791,0.051
3496,OGLE-TR-211,b,3.67724,0.051
3497,OGLE2-TR-L9,b,2.4855335,0.0308
3498,Oph 11,b,7300000,243
3499,PH1,b,138.317,0.652
3500,PH2,b,282.5255,0.828
3501,POTS-1,b,3.1606296,0.03734
3502,PSR B1257+12,b,25.262,0.19
3503,PSR B1257+12,c,66.5419,0.36
3504,PSR B1257+12,d,98.2114,0.46
3506,PSR J1719-1438,b,0.09070629,0.0044
3507,PSR J2322-2650,b,0.322964,0.0102
3508,Pr0201,b,4.4264,0.06
3509,Pr0211,b,2.1461,0.03176
3510,Pr0211,c,4850,5.5
3511,Proxima Cen,b,11.186,0.0485
3512,Qatar-1,b,1.4200242,0.02332
3513,Qatar-2,b,1.33711647,0.02153
3514,Qatar-3,b,2.5079204,0.03783
3515,Qatar-4,b,1.8053564,0.02803
3516,Qatar-5,b,2.8792319,0.04127
3519,RR Cae,b,4343.5,5.3
3520,Ross 128,b,9.8658,0.0496
3523,SWEEPS-11,b,1.796,0.03
3524,SWEEPS-4,b,4.2,0.055
3525,TAP 26,b,10.79,0.0968
3527,TRAPPIST-1,b,1.51087081,0.01111
3528,TRAPPIST-1,c,2.4218233,0.01521
3529,TRAPPIST-1,d,4.04961,0.02144
3530,TRAPPIST-1,e,6.099615,0.02817
3531,TRAPPIST-1,f,9.20669,0.0371
3532,TRAPPIST-1,g,12.35294,0.0451
3534,TYC 1422-614-1,b,198.4,0.69
3535,TYC 1422-614-1,c,559.3,1.37
3536,TYC 3318-01333-1,b,562,1.414
3537,TYC 3667-1280-1,b,26.468,0.21
3538,TYC 4282-00605-1,b,101.54,0.422
3541,TrES-3,b,1.30618581,0.02282
3543,TrES-5,b,1.48224686,0.02459
3546,UZ For,b,5840,5.9
3547,UZ For,c,1916.25,2.8
3548,V0391 Peg,b,1170,1.7
3549,V830 Tau,b,4.927,0.057
3551,WASP-1,b,2.5199454,0.03889
3552,WASP-10,b,3.0927616,0.03781
3555,WASP-103,b,0.925542,0.01985
3556,WASP-104,b,1.7554137,0.02918
3557,WASP-105,b,7.87288,0.075
3559,WASP-107,b,5.72149,0.055
3561,WASP-113,b,4.54216875,0.05885
3562,WASP-114,b,1.5487743,0.02851
3564,WASP-118,b,4.0460435,0.05453
3565,WASP-119,b,2.49979,0.0363
3567,WASP-120,b,3.6112706,0.0514
3568,WASP-121,b,1.2749255,0.02544
3569,WASP-123,b,2.9776412,0.04263
3570,WASP-124,b,3.37265,0.0449
3571,WASP-126,b,3.2888,0.0449
3572,WASP-127,b,4.178062,0.052
3573,WASP-129,b,5.748145,0.0628
3575,WASP-130,b,11.55098,0.1012
3576,WASP-131,b,5.322023,0.0607
3577,WASP-132,b,7.133521,0.067
3578,WASP-133,b,2.176423,0.0345
3579,WASP-135,b,1.4013794,0.0243
3580,WASP-136,b,5.215357,0.0661
3581,WASP-138,b,3.634433,0.0494
3582,WASP-139,b,5.924262,0.062
3584,WASP-140,b,2.2359835,0.0323
3585,WASP-141,b,3.310651,0.0469
3586,WASP-142,b,2.052868,0.0347
3588,WASP-151,b,4.533471,0.055
3589,WASP-153,b,3.332609,0.048
3590,WASP-156,b,3.836169,0.0453
3591,WASP-157,b,3.9516205,0.0529
3593,WASP-167,b,2.0219596,0.0365
3596,WASP-19,b,0.78883899,0.01634
3597,WASP-2,b,2.152226,0.03138
3598,WASP-20,b,4.8996284,0.06
3599,WASP-21,b,4.322482,0.052
3601,WASP-23,b,2.9444256,0.0376
3605,WASP-28,b,3.40883,0.04469
3608,WASP-31,b,3.4059096,0.04659
3613,WASP-36,b,1.53736596,0.02677
3614,WASP-37,b,3.577469,0.0446
3616,WASP-39,b,4.055259,0.0486
3619,WASP-41,c,421,1.07
3620,WASP-42,b,4.9816819,0.0561
3621,WASP-43,b,0.813475,0.0142
3622,WASP-44,b,2.4238039,0.03473
3624,WASP-46,b,1.43036763,0.02335
3625,WASP-47,b,4.16071,0.052
3626,WASP-47,c,580.7,1.41
3627,WASP-47,d,9.095,0.088
3628,WASP-47,e,0.789636,0.0173
3631,WASP-5,b,1.6284279,0.0267
3633,WASP-52,b,1.7497798,0.0272
3634,WASP-53,b,3.3098443,0.04101
3635,WASP-53,c,2840,3.73
3639,WASP-57,b,2.83891856,0.03769
3641,WASP-59,b,7.919585,0.0697
3647,WASP-64,b,1.5732918,0.02648
3648,WASP-65,b,2.3114243,0.0334
3653,WASP-7,b,4.9546416,0.0617
3654,WASP-70 A,b,3.7130203,0.04853
3659,WASP-75,b,2.484193,0.0375
3660,WASP-76,b,1.809886,0.033
3665,WASP-8,c,4323,5.28
3666,WASP-80,b,3.06785234,0.0344
3667,WASP-81,b,2.7164762,0.03908
3669,WASP-83,b,4.971252,0.059
3670,WASP-84,b,8.5234865,0.0771
3671,WASP-85 A,b,2.6556777,0.039
3673,WASP-89,b,3.3564227,0.0427
3674,WASP-90,b,3.916243,0.0562
3675,WASP-91,b,2.798581,0.037
3676,WASP-92,b,2.1746742,0.0348
3677,WASP-93,b,2.7325321,0.04211
3679,WASP-94 B,b,2.00839,0.0335
3681,WASP-96,b,3.4252602,0.0453
3683,WASP-98,b,2.96264036,0.03762
3687,WTS-1,b,3.352057,0.047
3688,WTS-2,b,1.0187068,0.01855
3689,Wolf 1061,b,4.8869,0.0375
3690,Wolf 1061,c,17.8719,0.089
3691,Wolf 1061,d,217.21,0.47
3693,XO-2 N,b,2.61585922,0.03673
3694,XO-2 S,b,18.157,0.13
3695,XO-2 S,c,120.8,0.4756
3698,XO-5,b,4.1877558,0.0515
3699,XO-6,b,3.7650007,0.0815
3700,YZ Cet,b,1.96876,0.01557
3701,YZ Cet,c,3.06008,0.0209
3702,YZ Cet,d,4.65627,0.02764
3703,alf Ari,b,380.8,1.2
3704,alf Tau,b,628.96,1.46
3705,bet Cnc,b,605.2,1.7
3706,bet Pic,b,7665,9.1
3707,bet UMi,b,522.3,1.4
3708,eps CrB,b,417.9,1.3
3709,eps Eri,b,2502,3.39
3710,eps Tau,b,594.9,1.93
3711,gam 1 Leo,b,428.5,1.19
3712,gam Cep,b,903.3,2.05
3713,gam Lib,b,415.2,1.24
3714,gam Lib,c,964.6,2.17
3716,kap CrB,b,1261.94,2.8
3717,mu Leo,b,357.8,1.1
3718,nu Oph,b,530.32,1.9
3719,nu Oph,c,3186,6.1
3720,ome Ser,b,277.02,1.1
3721,omi CrB,b,187.83,0.83
3722,omi UMa,b,1630,3.9
3723,psi 1 Dra B,b,3117,4.43
3724,rho CrB,b,39.8458,0.2196
3725,rho CrB,c,102.54,0.4123
3726,tau Boo,b,3.3124568,0.049
3727,tau Cet,e,162.87,0.538
3728,tau Cet,f,636.13,1.334
3729,tau Cet,g,20,0.133
3730,tau Cet,h,49.41,0.243
3731,tau Gem,b,305.5,1.17
3732,ups And,b,4.617033,0.059222
3733,ups And,c,241.258,0.827774
3734,ups And,d,1276.46,2.51329
3735,xi Aql,b,136.75,0.68